Dev_id,Dev_Name,Email_id,BankAccount
1,Teodora Farrall,tfarrall0@hostgator.com,358666442
2,Felice Sneyd,fsneyd1@mapy.cz,674306760
3,Mirna Burdytt,mburdytt2@digg.com,204153129
4,Gerek Maylam,gmaylam3@topsy.com,423983539
5,Byram Wrist,bwrist4@pinterest.com,122775464
6,Nanette Borrill,nborrill5@auda.org.au,446394105
7,Kimmie Addionisio,kaddionisio6@cnbc.com,525930431
8,Hartwell Skoughman,hskoughman7@wordpress.com,336245307
9,Vidovik Diaper,vdiaper8@plala.or.jp,730269758
10,Ruddie Chalfain,rchalfain9@trellian.com,570271334
11,Sarene Sked,sskeda@liveinternet.ru,836651009
12,Winne Cotgrove,wcotgroveb@pbs.org,498368768
13,Kristen Ovens,kovensc@is.gd,863832269
14,Gwenny Silberschatz,gsilberschatzd@auda.org.au,549065490
15,Antonetta Sandiford,asandiforde@wiley.com,870556173
16,Beau Gildroy,bgildroyf@webmd.com,162595672
17,Ali Barrie,abarrieg@wsj.com,451996545
18,Meggy Cowterd,mcowterdh@tripadvisor.com,861503040
19,Lesli Buddington,lbuddingtoni@timesonline.co.uk,470844487
20,Grant Ekins,gekinsj@opera.com,106257741
21,Jareb Woodlands,jwoodlandsk@pagesperso-orange.fr,329969848
22,Renata Rainsdon,rrainsdonl@gnu.org,481776270
23,Candace Ferraraccio,cferraracciom@hao123.com,425658008
24,Opaline Plait,oplaitn@adobe.com,617222272
25,Torie Galler,tgallero@chron.com,746965805
26,Haily MacDiarmid,hmacdiarmidp@yandex.ru,205228879
27,Angy Perdue,aperdueq@tamu.edu,537731645
28,Ardra Slessar,aslessarr@oakley.com,705767620
29,Lexie Borland,lborlands@sbwire.com,296462228
30,Dwain Cashman,dcashmant@admin.ch,812082071
31,Derek Wathan,dwathanu@jiathis.com,316668299
32,Odelia Lohoar,olohoarv@chicagotribune.com,412447183
33,Quintin Buick,qbuickw@nyu.edu,386594367
34,Lucius Ordemann,lordemannx@howstuffworks.com,532492458
35,Christian Celler,ccellery@usatoday.com,190844673
36,Micky Grigorkin,mgrigorkinz@histats.com,510038956
37,Merola Greenland,mgreenland10@rambler.ru,532611860
38,Quentin Lawles,qlawles11@hexun.com,836241534
39,Frederich Turbill,fturbill12@topsy.com,319697938
40,Marlowe Gregoletti,mgregoletti13@unc.edu,491955336
41,Jorie Ledger,jledger14@aboutads.info,853881860
42,Milena Ghidini,mghidini15@prweb.com,772737089
43,Leena Symson,lsymson16@businesswire.com,318463449
44,Aldrich Gomersal,agomersal17@disqus.com,762101713
45,Margy Lillicrop,mlillicrop18@gmpg.org,665591976
46,Hermina Cornelisse,hcornelisse19@skyrock.com,565801628
47,Rycca Kos,rkos1a@illinois.edu,700848369
48,Jacenta Woolager,jwoolager1b@hubpages.com,292280501
49,Cordi Powter,cpowter1c@last.fm,596212196
50,Beniamino Hayford,bhayford1d@infoseek.co.jp,420058232
